{
	"format_version": "1.21.6",
	"credit": "Made with Blockbench",
	"parent": "minecraft:item/handheld",
	"textures": {
		"layer0": "item/netherite_axe"
	},
	"display": {
		"thirdperson_righthand": {
			"rotation": [15, -90, 51],
			"translation": [0, 5.25, 2.25]
		},
		"thirdperson_lefthand": {
			"rotation": [15, 90, -51],
			"translation": [0, 5.25, 2.25]
		},
		"firstperson_righthand": {
			"rotation": [-26, -90, 0],
			"translation": [1.75, 2, 0]
		},
		"firstperson_lefthand": {
			"rotation": [-26, 90, 0],
			"translation": [1.75, 2, 0]
		},
		"head": {
			"rotation": [35, 90, 54],
			"translation": [0, 5.5, -8.75]
		},
		"fixed": {
			"rotation": [0, -180, 0]
		}
	}
}