{
	"format_version": "1.21.6",
	"credit": "Made with Blockbench",
	"textures": {
		"0": "item/SculkApple"
	},
	"elements": [
		{
			"from": [2, 0, 8],
			"to": [14, 14, 9],
			"rotation": {"angle": 0, "axis": "y", "origin": [2, 0, 8]},
			"faces": {
				"north": {"uv": [13.984, 1.016, 2.016, 14.984], "texture": "#0"},
				"east": {"uv": [13.016, 1.032, 13.984, 14.984], "texture": "#0"},
				"south": {"uv": [2.016, 1.016, 13.984, 14.984], "texture": "#0"},
				"west": {"uv": [2.016, 1.016, 2.984, 14.984], "texture": "#0"},
				"up": {"uv": [2.016, 1.016, 13.984, 1.984], "texture": "#0"},
				"down": {"uv": [2.016, 14.016, 13.984, 14.984], "texture": "#0"}
			}
		},
		{
			"from": [13, 4, 8],
			"to": [14, 9, 9],
			"rotation": {"angle": 0, "axis": "y", "origin": [13, 4, 8]},
			"faces": {
				"up": {"uv": [13.016, 6.016, 13.984, 6.984], "texture": "#0"},
				"down": {"uv": [13.032, 10.032, 13.968, 10.968], "texture": "#0"}
			}
		},
		{
			"from": [12, 9, 8],
			"to": [13, 10, 9],
			"rotation": {"angle": 0, "axis": "y", "origin": [12, 9, 8]},
			"faces": {
				"east": {"uv": [12.016, 5.016, 12.984, 5.984], "texture": "#0"},
				"up": {"uv": [12.016, 5.016, 12.984, 5.984], "texture": "#0"}
			}
		},
		{
			"from": [10, 10, 8],
			"to": [11, 11, 9],
			"rotation": {"angle": 0, "axis": "y", "origin": [10, 10, 8]},
			"faces": {
				"east": {"uv": [12.016, 5.016, 12.984, 5.984], "texture": "#0"},
				"up": {"uv": [12.016, 5.016, 12.984, 5.984], "texture": "#0"}
			}
		},
		{
			"from": [9, 10, 8],
			"to": [10, 11, 9],
			"rotation": {"angle": 0, "axis": "y", "origin": [9, 10, 8]},
			"faces": {
				"up": {"uv": [9.016, 4.016, 9.984, 4.984], "texture": "#0"}
			}
		},
		{
			"from": [11, 9, 8],
			"to": [12, 10, 9],
			"rotation": {"angle": 0, "axis": "y", "origin": [11, 9, 8]},
			"faces": {
				"up": {"uv": [11.016, 5.016, 11.984, 5.984], "texture": "#0"}
			}
		},
		{
			"from": [9, 12, 8],
			"to": [10, 14, 9],
			"rotation": {"angle": 0, "axis": "y", "origin": [9, 12, 8]},
			"faces": {
				"east": {"uv": [9.016, 1.016, 9.984, 2.984], "texture": "#0"},
				"west": {"uv": [9.016, 1.016, 9.984, 2.984], "texture": "#0"},
				"down": {"uv": [9.016, 2.016, 9.984, 2.984], "texture": "#0"}
			}
		},
		{
			"from": [8, 11, 8],
			"to": [9, 13, 9],
			"rotation": {"angle": 0, "axis": "y", "origin": [8, 11, 8]},
			"faces": {
				"east": {"uv": [8.016, 2.016, 8.984, 3.984], "texture": "#0"},
				"west": {"uv": [8.016, 2.016, 8.984, 3.984], "texture": "#0"},
				"up": {"uv": [8.016, 2.016, 8.984, 2.984], "texture": "#0"}
			}
		},
		{
			"from": [5, 0, 8],
			"to": [11, 1, 9],
			"rotation": {"angle": 0, "axis": "y", "origin": [5, 0, 8]},
			"faces": {
				"east": {"uv": [10.032, 14.032, 10.968, 14.968], "texture": "#0"},
				"west": {"uv": [5.032, 14.032, 5.968, 14.968], "texture": "#0"},
				"down": {"uv": [5.032, 14.032, 10.968, 14.968], "texture": "#0"}
			}
		},
		{
			"from": [11, 1, 8],
			"to": [12, 2, 9],
			"rotation": {"angle": 0, "axis": "y", "origin": [11, 1, 8]},
			"faces": {
				"east": {"uv": [11.032, 13.032, 11.968, 13.968], "texture": "#0"},
				"down": {"uv": [11.032, 13.032, 11.968, 13.968], "texture": "#0"}
			}
		},
		{
			"from": [4, 1, 8],
			"to": [5, 2, 9],
			"rotation": {"angle": 0, "axis": "y", "origin": [4, 1, 8]},
			"faces": {
				"west": {"uv": [4.032, 13.032, 4.968, 13.968], "texture": "#0"},
				"down": {"uv": [4.968, 13.032, 4.032, 13.968], "texture": "#0"}
			}
		},
		{
			"from": [12, 2, 8],
			"to": [13, 4, 9],
			"rotation": {"angle": 0, "axis": "y", "origin": [12, 2, 8]},
			"faces": {
				"east": {"uv": [12.032, 11.032, 12.968, 12.968], "texture": "#0"},
				"down": {"uv": [12.032, 12.032, 12.968, 12.968], "texture": "#0"}
			}
		},
		{
			"from": [3, 2, 8],
			"to": [4, 4, 9],
			"rotation": {"angle": 0, "axis": "y", "origin": [3, 2, 8]},
			"faces": {
				"west": {"uv": [3.032, 11.032, 3.968, 12.968], "texture": "#0"},
				"down": {"uv": [3.032, 12.032, 3.968, 12.968], "texture": "#0"}
			}
		},
		{
			"from": [3, 9, 8],
			"to": [5, 10, 9],
			"rotation": {"angle": 0, "axis": "y", "origin": [3, 9, 8]},
			"faces": {
				"west": {"uv": [3.032, 5.032, 3.968, 5.968], "texture": "#0"},
				"up": {"uv": [3.032, 5.032, 4.968, 5.968], "texture": "#0"}
			}
		},
		{
			"from": [2, 4, 8],
			"to": [3, 9, 9],
			"rotation": {"angle": 0, "axis": "y", "origin": [2, 4, 8]},
			"faces": {
				"up": {"uv": [2.032, 6.032, 2.968, 6.968], "texture": "#0"},
				"down": {"uv": [2.032, 10.032, 2.968, 10.968], "texture": "#0"}
			}
		},
		{
			"from": [5, 10, 8],
			"to": [8, 11, 9],
			"rotation": {"angle": 0, "axis": "y", "origin": [5, 10, 8]},
			"faces": {
				"west": {"uv": [5.032, 4.032, 5.968, 4.968], "texture": "#0"},
				"up": {"uv": [5.032, 4.032, 7.968, 4.968], "texture": "#0"}
			}
		}
	],
	"display": {
		"thirdperson_righthand": {
			"translation": [0, 2.5, 0],
			"scale": [0.5, 0.5, 0.5]
		},
		"thirdperson_lefthand": {
			"translation": [0, 2.5, 0],
			"scale": [0.5, 0.5, 0.5]
		},
		"firstperson_righthand": {
			"rotation": [-93, -74, -82],
			"translation": [3.75, 5.5, 0.25]
		},
		"firstperson_lefthand": {
			"rotation": [-93, -74, -82],
			"translation": [3.75, 5.5, 0.25]
		},
		"ground": {
			"translation": [0, 3.25, 0]
		},
		"gui": {
			"translation": [0, 1.25, 0]
		},
		"head": {
			"translation": [0, 2.75, 0]
		}
	},
	"groups": [
		{
			"name": "group",
			"origin": [0, 0, 0],
			"color": 0,
			"children": [0, 1, 2, 3, 4, 5, 6, 7, 8, 9, 10, 11, 12, 13, 14, 15]
		}
	]
}