{
	"format_version": "1.21.6",
	"credit": "Made with Blockbench",
	"textures": {
		"0": "item/mace",
		"particle": "item/mace"
	},
	"elements": [
		{
			"from": [0, 0, 8],
			"to": [16, 16, 9],
			"rotation": {"angle": 0, "axis": "y", "origin": [0, 1, 8]},
			"faces": {
				"north": {"uv": [0.032, 0.032, 15.968, 15.968], "texture": "#0"},
				"east": {"uv": [0.032, 0.032, 0.968, 15.968], "texture": "#0"},
				"south": {"uv": [15.968, 0.032, 0.032, 15.968], "texture": "#0"},
				"west": {"uv": [15.032, 0.032, 15.968, 15.968], "texture": "#0"},
				"up": {"uv": [15.968, 0.032, 0.032, 0.968], "texture": "#0"},
				"down": {"uv": [15.968, 15.032, 0.032, 15.968], "texture": "#0"}
			}
		},
		{
			"from": [14, 3, 8],
			"to": [16, 3, 9],
			"rotation": {"angle": 0, "axis": "y", "origin": [14, 3, 8]},
			"faces": {
				"up": {"uv": [1.968, 13.032, 0.032, 13.968], "texture": "#0"}
			}
		},
		{
			"from": [13, 3, 8],
			"to": [14, 4, 9],
			"rotation": {"angle": 0, "axis": "y", "origin": [13, 3, 8]},
			"faces": {
				"east": {"uv": [2.032, 12.032, 2.968, 12.968], "texture": "#0"},
				"up": {"uv": [2.032, 12.032, 2.968, 12.968], "texture": "#0"}
			}
		},
		{
			"from": [12, 4, 8],
			"to": [13, 5, 9],
			"rotation": {"angle": 0, "axis": "y", "origin": [12, 4, 8]},
			"faces": {
				"east": {"uv": [3.032, 11.032, 3.968, 11.968], "texture": "#0"},
				"up": {"uv": [3.032, 11.032, 3.968, 11.968], "texture": "#0"}
			}
		},
		{
			"from": [11, 5, 8],
			"to": [12, 6, 9],
			"rotation": {"angle": 0, "axis": "y", "origin": [11, 5, 8]},
			"faces": {
				"east": {"uv": [4.032, 10.032, 4.968, 10.968], "texture": "#0"},
				"up": {"uv": [4.032, 10.032, 4.968, 10.968], "texture": "#0"}
			}
		},
		{
			"from": [1, 13, 8],
			"to": [3, 15, 9],
			"rotation": {"angle": 0, "axis": "y", "origin": [1, 13, 8]},
			"faces": {
				"east": {"uv": [13.032, 1.032, 13.968, 2.968], "texture": "#0"},
				"west": {"uv": [14.032, 1.032, 14.968, 2.968], "texture": "#0"},
				"up": {"uv": [14.968, 1.032, 13.032, 1.968], "texture": "#0"},
				"down": {"uv": [14.968, 2.032, 13.032, 2.968], "texture": "#0"}
			}
		},
		{
			"from": [11, 3, 8],
			"to": [12, 4, 9],
			"rotation": {"angle": 0, "axis": "y", "origin": [11, 3, 8]},
			"faces": {
				"west": {"uv": [4.032, 12.032, 4.968, 12.968], "texture": "#0"},
				"down": {"uv": [4.032, 12.032, 4.968, 12.968], "texture": "#0"}
			}
		},
		{
			"from": [13, 0, 8],
			"to": [15, 2, 9],
			"rotation": {"angle": 0, "axis": "y", "origin": [13, 0, 8]},
			"faces": {
				"west": {"uv": [2.032, 14.032, 2.968, 15.968], "texture": "#0"}
			}
		},
		{
			"from": [12, 2, 8],
			"to": [13, 3, 9],
			"rotation": {"angle": 0, "axis": "y", "origin": [12, 2, 8]},
			"faces": {
				"west": {"uv": [3.032, 13.032, 3.968, 13.968], "texture": "#0"},
				"down": {"uv": [3.032, 13.032, 3.968, 13.968], "texture": "#0"}
			}
		},
		{
			"from": [10, 4, 8],
			"to": [11, 5, 9],
			"rotation": {"angle": 0, "axis": "y", "origin": [10, 4, 8]},
			"faces": {
				"west": {"uv": [5.032, 11.032, 5.968, 11.968], "texture": "#0"},
				"down": {"uv": [5.032, 11.032, 5.968, 11.968], "texture": "#0"}
			}
		},
		{
			"from": [9, 5, 8],
			"to": [10, 6, 9],
			"rotation": {"angle": 0, "axis": "y", "origin": [9, 5, 8]},
			"faces": {
				"west": {"uv": [6.032, 10.032, 6.968, 10.968], "texture": "#0"},
				"down": {"uv": [6.032, 10.032, 6.968, 10.968], "texture": "#0"}
			}
		},
		{
			"from": [8, 6, 8],
			"to": [9, 7, 9],
			"rotation": {"angle": 0, "axis": "y", "origin": [8, 6, 8]},
			"faces": {
				"west": {"uv": [7.032, 9.032, 7.968, 9.968], "texture": "#0"},
				"down": {"uv": [7.032, 9.032, 7.968, 9.968], "texture": "#0"}
			}
		},
		{
			"from": [10, 6, 8],
			"to": [11, 7, 9],
			"rotation": {"angle": 0, "axis": "y", "origin": [10, 6, 8]},
			"faces": {
				"east": {"uv": [5.032, 9.032, 5.968, 9.968], "texture": "#0"},
				"up": {"uv": [5.032, 9.032, 5.968, 9.968], "texture": "#0"}
			}
		},
		{
			"from": [9, 7, 8],
			"to": [10, 8, 9],
			"rotation": {"angle": 0, "axis": "y", "origin": [9, 7, 8]},
			"faces": {
				"east": {"uv": [6.032, 8.032, 6.968, 8.968], "texture": "#0"},
				"up": {"uv": [6.032, 8.032, 6.968, 8.968], "texture": "#0"}
			}
		},
		{
			"from": [7, 7, 8],
			"to": [8, 8, 9],
			"rotation": {"angle": 0, "axis": "y", "origin": [7, 7, 8]},
			"faces": {
				"down": {"uv": [8.032, 8.032, 8.968, 8.968], "texture": "#0"}
			}
		},
		{
			"from": [6, 6, 8],
			"to": [7, 7, 9],
			"rotation": {"angle": 0, "axis": "y", "origin": [6, 6, 8]},
			"faces": {
				"east": {"uv": [9.032, 9.968, 9.968, 9.032], "texture": "#0"},
				"down": {"uv": [9.968, 9.968, 9.032, 9.032], "texture": "#0"}
			}
		},
		{
			"from": [8, 8, 8],
			"to": [9, 9, 9],
			"rotation": {"angle": 0, "axis": "y", "origin": [8, 8, 8]},
			"faces": {
				"east": {"uv": [7.968, 7.032, 7.032, 7.968], "texture": "#0"}
			}
		},
		{
			"from": [0, 9, 8],
			"to": [1, 11, 9],
			"rotation": {"angle": 0, "axis": "y", "origin": [0, 9, 8]},
			"faces": {
				"up": {"uv": [15.032, 5.032, 15.968, 5.968], "texture": "#0"},
				"down": {"uv": [15.032, 6.032, 15.968, 6.968], "texture": "#0"}
			}
		},
		{
			"from": [1, 11, 8],
			"to": [2, 12, 9],
			"rotation": {"angle": 0, "axis": "y", "origin": [1, 11, 8]},
			"faces": {
				"west": {"uv": [14.032, 4.032, 14.968, 4.968], "texture": "#0"},
				"up": {"uv": [14.032, 4.032, 14.968, 4.968], "texture": "#0"}
			}
		},
		{
			"from": [2, 12, 8],
			"to": [3, 13, 9],
			"rotation": {"angle": 0, "axis": "y", "origin": [2, 12, 8]},
			"faces": {
				"west": {"uv": [13.032, 3.032, 13.968, 3.968], "texture": "#0"}
			}
		},
		{
			"from": [3, 13, 8],
			"to": [4, 14, 9],
			"rotation": {"angle": 0, "axis": "y", "origin": [3, 13, 8]},
			"faces": {
				"up": {"uv": [12.032, 2.032, 12.968, 2.968], "texture": "#0"}
			}
		},
		{
			"from": [5, 15, 8],
			"to": [7, 16, 9],
			"rotation": {"angle": 0, "axis": "y", "origin": [5, 15, 8]},
			"faces": {
				"east": {"uv": [9.968, 0.032, 9.032, 0.968], "texture": "#0"},
				"west": {"uv": [10.032, 0.032, 10.968, 0.968], "texture": "#0"}
			}
		},
		{
			"from": [10, 10, 8],
			"to": [11, 12, 9],
			"rotation": {"angle": 0, "axis": "y", "origin": [10, 10, 8]},
			"faces": {
				"east": {"uv": [5.032, 4.032, 5.968, 5.968], "texture": "#0"},
				"up": {"uv": [5.032, 4.032, 5.968, 4.968], "texture": "#0"},
				"down": {"uv": [5.032, 5.032, 5.968, 5.968], "texture": "#0"}
			}
		},
		{
			"from": [9, 9, 8],
			"to": [10, 10, 9],
			"rotation": {"angle": 0, "axis": "y", "origin": [9, 9, 8]},
			"faces": {
				"east": {"uv": [6.032, 6.032, 6.968, 6.968], "texture": "#0"},
				"down": {"uv": [6.032, 6.032, 6.968, 6.968], "texture": "#0"}
			}
		},
		{
			"from": [4, 5, 8],
			"to": [6, 6, 9],
			"rotation": {"angle": 0, "axis": "y", "origin": [4, 5, 8]},
			"faces": {
				"east": {"uv": [10.032, 10.032, 10.968, 10.968], "texture": "#0"},
				"west": {"uv": [11.032, 10.032, 11.968, 10.968], "texture": "#0"},
				"down": {"uv": [11.968, 10.032, 10.032, 10.968], "texture": "#0"}
			}
		},
		{
			"from": [3, 6, 8],
			"to": [4, 7, 9],
			"rotation": {"angle": 0, "axis": "y", "origin": [3, 6, 8]},
			"faces": {
				"west": {"uv": [12.032, 9.032, 12.968, 9.968], "texture": "#0"},
				"down": {"uv": [12.032, 9.032, 12.968, 9.968], "texture": "#0"}
			}
		},
		{
			"from": [2, 7, 8],
			"to": [3, 8, 9],
			"rotation": {"angle": 0, "axis": "y", "origin": [2, 7, 8]},
			"faces": {
				"west": {"uv": [13.032, 8.032, 13.968, 8.968], "texture": "#0"},
				"down": {"uv": [13.032, 8.032, 13.968, 8.968], "texture": "#0"}
			}
		},
		{
			"from": [1, 8, 8],
			"to": [2, 9, 9],
			"rotation": {"angle": 0, "axis": "y", "origin": [1, 8, 8]},
			"faces": {
				"west": {"uv": [14.032, 7.032, 14.968, 7.968], "texture": "#0"},
				"down": {"uv": [14.032, 7.032, 14.968, 7.968], "texture": "#0"}
			}
		},
		{
			"from": [4, 14, 8],
			"to": [5, 15, 9],
			"rotation": {"angle": 0, "axis": "y", "origin": [4, 14, 8]},
			"faces": {
				"west": {"uv": [11.032, 1.032, 11.968, 1.968], "texture": "#0"},
				"up": {"uv": [11.032, 1.032, 11.968, 1.968], "texture": "#0"}
			}
		},
		{
			"from": [9, 12, 8],
			"to": [10, 13, 9],
			"rotation": {"angle": 0, "axis": "y", "origin": [9, 12, 8]},
			"faces": {
				"east": {"uv": [6.032, 3.032, 6.968, 3.968], "texture": "#0"},
				"up": {"uv": [6.032, 3.032, 6.968, 3.968], "texture": "#0"}
			}
		},
		{
			"from": [8, 13, 8],
			"to": [9, 14, 9],
			"rotation": {"angle": 0, "axis": "y", "origin": [8, 13, 8]},
			"faces": {
				"east": {"uv": [7.032, 2.032, 7.968, 2.968], "texture": "#0"},
				"up": {"uv": [7.032, 2.032, 7.968, 2.968], "texture": "#0"}
			}
		},
		{
			"from": [7, 14, 8],
			"to": [8, 15, 9],
			"rotation": {"angle": 0, "axis": "y", "origin": [7, 14, 8]},
			"faces": {
				"east": {"uv": [8.032, 1.032, 8.968, 1.968], "texture": "#0"},
				"up": {"uv": [8.032, 1.032, 8.968, 1.968], "texture": "#0"}
			}
		}
	],
	"display": {
		"thirdperson_righthand": {
			"rotation": [0, 90, -32],
			"translation": [0, 4.25, 3.5]
		},
		"thirdperson_lefthand": {
			"rotation": [0, 90, 54],
			"translation": [0, 4.25, 3.5]
		},
		"firstperson_righthand": {
			"rotation": [0, -87, 0],
			"translation": [4, 3.5, 0]
		},
		"firstperson_lefthand": {
			"rotation": [0, 75, 0],
			"translation": [4.75, 3.5, 0]
		},
		"gui": {
			"rotation": [0, -180, 0]
		},
		"head": {
			"rotation": [0, -77, 0],
			"translation": [0, 8, -8.75]
		},
		"fixed": {
			"translation": [-0.25, -0.5, 0]
		}
	},
	"groups": [
		{
			"name": "group",
			"origin": [0, 1, 8],
			"color": 0,
			"children": [0, 1, 2, 3, 4, 5, 6, 7, 8, 9, 10, 11, 12, 13, 14, 15, 16, 17, 18, 19, 20, 21, 22, 23, 24, 25, 26, 27, 28, 29, 30, 31]
		}
	]
}