{
	"format_version": "1.21.6",
	"credit": "Made with Blockbench",
	"ambientocclusion": false,
	"textures": {
		"particle": "block/fire_0",
		"fire": "block/fire_0"
	},
	"elements": [
		{
			"from": [13, 16, 0],
			"to": [16, 16, 16],
			"shade": false,
			"rotation": {"angle": 22.5, "axis": "z", "origin": [16, 16, 8], "rescale": true},
			"faces": {
				"down": {"uv": [0, 1, 16, 9], "rotation": 270, "texture": "#fire"}
			}
		},
		{
			"from": [0, 16, 0],
			"to": [3, 16, 16],
			"shade": false,
			"rotation": {"angle": -22.5, "axis": "z", "origin": [0, 16, 8], "rescale": true},
			"faces": {
				"down": {"uv": [0, 1, 16, 9], "rotation": 90, "texture": "#fire"}
			}
		}
	]
}